tSNE1,tSNE2,region,Year
-55.529533,-10.389412,Babergh,2011
-33.19139,-29.424025,Basildon,2011
-35.292454,-28.73037,Bedford,2011
-43.75835,-13.802237,Braintree,2011
-43.98584,13.246171,Breckland,2011
-22.806437,-37.869583,Brentwood,2011
-54.442184,9.166741,Broadland,2011
-40.427635,-17.188978,Broxbourne,2011
-0.7274858,-40.887604,Cambridge,2011
-18.885773,59.51571,Castle Point,2011
-45.16108,-14.292397,Central Bedfordshire,2011
-9.563558,-31.831236,Chelmsford,2011
-46.024784,-23.6595,Colchester,2011
-17.890171,-32.156628,Dacorum,2011
-42.650208,-27.06475,East Cambridgeshire,2011
-21.39876,-38.257603,East Hertfordshire,2011
-46.799053,4.9287214,Epping Forest,2011
-38.727787,7.140142,Fenland,2011
13.996908,-8.354202,Forest Heath,2011
-21.161268,29.301712,Great Yarmouth,2011
-10.754901,-20.166271,Harlow,2011
-18.856659,-32.999405,Hertsmere,2011
-13.544556,-32.945427,Huntingdonshire,2011
-8.335375,-19.417671,Ipswich,2011
-49.016495,6.5031457,King's Lynn and West Norfolk,2011
-33.18396,7.373506,Luton,2011
-45.012646,15.99418,Maldon,2011
-29.822626,-41.8827,Mid Suffolk,2011
-34.337704,-33.464363,North Hertfordshire,2011
-30.48495,42.952957,North Norfolk,2011
-10.842345,-29.859316,Norwich,2011
-5.8716407,-18.422804,Peterborough,2011
-28.709742,43.72112,Rochford,2011
16.3343,-9.446372,South Cambridgeshire,2011
-49.939888,-28.502077,South Norfolk,2011
-35.61345,3.4127028,Southend-on-Sea,2011
-21.418797,-40.50619,St Albans,2011
6.7968974,-22.957848,St Edmundsbury,2011
-4.511753,-16.573444,Stevenage,2011
-51.60842,-24.886415,Suffolk Coastal,2011
-17.933775,60.77129,Tendring,2011
-33.984745,-35.07227,Three Rivers,2011
-35.72301,-0.7367064,Thurrock,2011
11.74381,-16.158453,Uttlesford,2011
7.9737945,-11.025658,Watford,2011
-25.687954,35.501755,Waveney,2011
0.899535,-29.34423,Welwyn Hatfield,2011
-35.292454,-28.73037,Bedford,2011
-44.63119,-14.868944,Central Bedfordshire,2011
-33.18396,7.373506,Luton,2011
-5.8716407,-18.422804,Peterborough,2011
-35.61345,3.4127028,Southend-on-Sea,2011
-35.72301,-0.7367064,Thurrock,2011
-0.7274858,-40.887604,Cambridge,2011
-42.650208,-27.06475,East Cambridgeshire,2011
-38.727787,7.140142,Fenland,2011
-13.6441,-32.474415,Huntingdonshire,2011
16.330887,-8.952068,South Cambridgeshire,2011
-33.19139,-29.424025,Basildon,2011
-43.75835,-13.802237,Braintree,2011
-22.800163,-38.468273,Brentwood,2011
-18.892395,60.050816,Castle Point,2011
-9.186061,-31.253027,Chelmsford,2011
-46.024784,-23.6595,Colchester,2011
-46.303608,5.3400908,Epping Forest,2011
-10.754901,-20.166271,Harlow,2011
-45.012646,15.99418,Maldon,2011
-28.709742,43.72112,Rochford,2011
-17.933775,60.77129,Tendring,2011
12.345851,-16.496254,Uttlesford,2011
-40.75446,-16.982243,Broxbourne,2011
-17.619768,-32.739357,Dacorum,2011
-21.433538,-37.76393,East Hertfordshire,2011
-18.856659,-32.999405,Hertsmere,2011
-34.337704,-33.464363,North Hertfordshire,2011
-21.609552,-40.89587,St Albans,2011
-4.2877374,-16.089102,Stevenage,2011
-33.984745,-35.07227,Three Rivers,2011
8.469366,-10.815113,Watford,2011
0.4894415,-29.073826,Welwyn Hatfield,2011
-43.85915,13.94165,Breckland,2011
-54.442184,9.166741,Broadland,2011
-20.632875,29.57475,Great Yarmouth,2011
-49.470455,5.9878078,King's Lynn and West Norfolk,2011
-30.48495,42.952957,North Norfolk,2011
-10.842345,-29.859316,Norwich,2011
-49.37823,-28.395193,South Norfolk,2011
-55.529533,-10.389412,Babergh,2011
13.996908,-8.354202,Forest Heath,2011
-8.630496,-18.85499,Ipswich,2011
-29.822626,-41.8827,Mid Suffolk,2011
6.7969193,-22.957848,St Edmundsbury,2011
-51.753143,-25.445478,Suffolk Coastal,2011
-25.687954,35.501755,Waveney,2011
-40.443882,-15.026415,Derby,2011
-29.064707,22.535887,Leicester,2011
-31.895895,21.269127,Nottingham,2011
-22.682137,-43.47466,Rutland,2011
-45.426155,-16.247734,Amber Valley,2011
-24.45748,34.054996,Bolsover,2011
-41.63527,-17.919312,Chesterfield,2011
-5.3174725,-40.680294,Derbyshire Dales,2011
-34.615284,7.3951116,Erewash,2011
-45.721863,4.5767374,High Peak,2011
-19.236101,53.482845,North East Derbyshire,2011
-45.064312,13.034414,South Derbyshire,2011
12.344522,-15.161828,Blaby,2011
-32.596214,41.539463,Charnwood,2011
4.4923162,-26.402422,Harborough,2011
-51.428925,-15.727435,Hinckley and Bosworth,2011
-25.309187,-38.66455,Melton,2011
8.642161,-15.810873,North West Leicestershire,2011
-31.44585,41.318066,Oadby and Wigston,2011
-35.287613,-31.970798,Boston,2011
-20.152998,53.001785,East Lindsey,2011
-37.662403,-27.491467,Lincoln,2011
-54.177864,-15.401614,North Kesteven,2011
-45.509674,-15.231314,South Holland,2011
-45.558876,-22.61829,South Kesteven,2011
-22.843996,44.670303,West Lindsey,2011
-10.053282,-20.163568,Corby,2011
-5.492997,-33.00515,Daventry,2011
-43.173164,10.601955,East Northamptonshire,2011
-29.693018,-30.56694,Kettering,2011
-3.698582,-17.195255,Northampton,2011
-20.257227,-41.306297,South Northamptonshire,2011
-35.471672,-26.510729,Wellingborough,2011
-40.48692,-7.9714684,Ashfield,2011
-52.754578,-8.1034975,Bassetlaw,2011
-22.60192,44.228195,Broxtowe,2011
-19.96373,42.76144,Gedling,2011
-28.911957,31.526623,Mansfield,2011
-54.20751,-8.363292,Newark and Sherwood,2011
-55.253456,-14.137482,Rushcliffe,2011
11.798051,-1.5410262,Camden,2011
3.151182,-75.990105,City of London,2011
-19.755154,23.647312,Hackney,2011
7.8775516,-10.221057,Hammersmith and Fulham,2011
-12.497544,57.86762,Haringey,2011
12.369754,-5.360826,Islington,2011
8.656738,-13.177941,Kensington and Chelsea,2011
-34.47391,-24.851809,Lambeth,2011
-12.398023,60.104427,Lewisham,2011
-13.711363,61.88106,Newham,2011
-5.779361,-16.339546,Southwark,2011
12.456188,-3.926895,Tower Hamlets,2011
-40.569756,-12.253887,Wandsworth,2011
10.87996,0.15237223,Westminster,2011
-12.159447,59.072155,Barking and Dagenham,2011
-27.76169,30.658785,Barnet,2011
-19.013718,42.553093,Bexley,2011
-13.555781,46.696934,Brent,2011
-37.117874,17.458807,Bromley,2011
-12.786788,46.734806,Croydon,2011
-26.685305,22.950125,Ealing,2011
-14.211227,55.21396,Enfield,2011
-13.462249,55.908165,Greenwich,2011
-16.561415,54.081993,Harrow,2011
-29.240763,28.087158,Havering,2011
-2.6512036,-20.635376,Hillingdon,2011
-30.20864,-30.184011,Hounslow,2011
-55.243706,-9.09098,Kingston upon Thames,2011
-37.042873,2.3763542,Merton,2011
-14.468204,61.483288,Redbridge,2011
-31.712797,-37.171646,Richmond upon Thames,2011
-41.239685,-10.476676,Sutton,2011
-13.11715,59.266056,Waltham Forest,2011
-35.145206,-25.953344,Darlington,2011
-20.277327,49.90077,County Durham,2011
-12.664614,56.885326,Hartlepool,2011
-12.435147,45.91238,Middlesbrough,2011
-30.98832,29.339672,Northumberland,2011
-13.646399,60.288567,Redcar and Cleveland,2011
-34.318344,4.304031,Stockton-on-Tees,2011
-37.164562,5.244271,Gateshead,2011
-53.27231,-6.3196726,Newcastle upon Tyne,2011
-35.83242,4.217068,North Tyneside,2011
-13.219273,58.055454,South Tyneside,2011
-28.430584,21.974277,Sunderland,2011
-30.005625,28.590157,Blackburn with Darwen,2011
-25.970224,23.80776,Blackpool,2011
-29.09211,-39.193497,Cheshire East,2011
-44.967823,-23.216377,Cheshire West and Chester,2011
-35.757607,1.7324196,Halton,2011
-2.1710484,-20.544928,Warrington,2011
-48.78047,5.3806405,Allerdale,2011
-39.23884,6.6277785,Barrow-in-Furness,2011
-8.369781,-31.553154,Carlisle,2011
-44.250313,-18.888508,Copeland,2011
14.834747,-14.677645,Eden,2011
-2.3834796,-42.086792,South Lakeland,2011
-31.219557,25.177485,Bolton,2011
-36.936928,17.06543,Bury,2011
-43.727547,-12.962445,Manchester,2011
-22.50498,31.15058,Oldham,2011
-14.2339,47.389866,Rochdale,2011
-40.4367,-10.13178,Salford,2011
-43.795006,-19.118893,Stockport,2011
-18.53561,41.44426,Tameside,2011
-1.7770734,-21.637897,Trafford,2011
-19.370764,41.179314,Wigan,2011
-30.761934,23.279871,Burnley,2011
-45.01609,13.886446,Chorley,2011
-4.6494517,-39.367256,Fylde,2011
-25.68983,34.035305,Hyndburn,2011
-30.637836,43.90085,Lancaster,2011
-24.219032,35.53872,Pendle,2011
-21.47271,-35.301273,Preston,2011
4.833894,-28.750113,Ribble Valley,2011
-28.212912,32.30338,Rossendale,2011
-32.574245,-38.601128,South Ribble,2011
-46.112762,7.316078,West Lancashire,2011
-22.37117,50.121437,Wyre,2011
-13.629736,45.959156,Knowsley,2011
-21.248116,30.15664,Liverpool,2011
-19.070225,43.52208,Sefton,2011
-16.063547,48.739456,St. Helens,2011
-15.931966,50.982536,Wirral,2011
12.768441,-5.8895297,Bracknell Forest,2011
-53.117752,-9.169081,Brighton and Hove,2011
-28.962803,34.934883,Isle of Wight,2011
-25.5744,25.957047,Medway,2011
10.960483,-7.4442596,Milton Keynes,2011
-45.43732,-17.388445,Portsmouth,2011
-5.0160155,-19.394531,Reading,2011
-7.841142,-18.74396,Slough,2011
-41.11083,16.832157,Southampton,2011
13.493305,-4.994689,West Berkshire,2011
9.333375,-15.257935,Windsor and Maidenhead,2011
-4.188987,-32.508835,Wokingham,2011
-17.493214,-35.169395,Aylesbury Vale,2011
-55.44137,-13.2298765,Chiltern,2011
-1.0950227,-31.81627,South Bucks,2011
-18.077274,-35.86102,Wycombe,2011
-46.825237,6.1197424,Eastbourne,2011
-24.981945,25.31431,Hastings,2011
-54.80008,-7.3759537,Lewes,2011
-22.89375,49.553,Rother,2011
-51.075886,12.443242,Wealden,2011
8.59638,-12.227154,Basingstoke and Deane,2011
-49.41427,-29.324081,East Hampshire,2011
8.970075,-16.480011,Eastleigh,2011
-23.76288,-42.205265,Fareham,2011
-22.987307,32.119453,Gosport,2011
-1.1142994,-31.189587,Hart,2011
-39.15916,17.911638,Havant,2011
-55.604378,-16.33456,New Forest,2011
11.967758,-7.042729,Rushmoor,2011
3.6349845,-26.937092,Test Valley,2011
17.022402,-10.894129,Winchester,2011
-24.955193,-33.824574,Ashford,2011
-23.872833,49.007782,Canterbury,2011
-2.9272408,-16.631308,Dartford,2011
-30.659794,30.157055,Dover,2011
-14.582295,48.424026,Gravesham,2011
-8.77758,-32.24268,Maidstone,2011
-54.00083,-16.263275,Sevenoaks,2011
-33.47234,24.691486,Folkestone and Hythe,2011
-31.889061,23.609444,Swale,2011
-15.647537,54.05724,Thanet,2011
1.6635467,-26.597858,Tonbridge and Malling,2011
-5.0395913,-32.633724,Tunbridge Wells,2011
10.921117,-15.071135,Cherwell,2011
-51.25076,-27.157257,Oxford,2011
2.054715,-27.89083,South Oxfordshire,2011
15.2661705,-11.446081,Vale of White Horse,2011
11.906521,-17.865713,West Oxfordshire,2011
-23.484552,-41.442795,Elmbridge,2011
-54.0672,-16.926245,Epsom and Ewell,2011
0.121618584,-30.509356,Guildford,2011
15.529155,-12.054326,Mole Valley,2011
8.789487,-17.152618,Reigate and Banstead,2011
14.087241,-15.1229,Runnymede,2011
-20.128708,-33.89215,Spelthorne,2011
9.116853,-18.486795,Surrey Heath,2011
-48.480656,-25.947397,Tandridge,2011
-49.895657,-29.943953,Waverley,2011
-14.507468,-32.869762,Woking,2011
-42.602703,16.019539,Adur,2011
-21.690884,49.768265,Arun,2011
-4.7038016,-41.07681,Chichester,2011
12.032578,-2.1169739,Crawley,2011
-30.327917,-40.547363,Horsham,2011
-5.430932,-39.266624,Mid Sussex,2011
-22.515203,-36.18452,Worthing,2011
-52.55294,-24.636257,Bath and North East Somerset,2011
-43.018925,13.446715,Bournemouth,2011
-25.003735,-33.322727,"Bristol, City of",2011
-51.536266,8.7562065,Cornwall,2011
11.377693,-0.75261337,Isles of Scilly,2011
-56.11744,-9.579767,North Somerset,2011
-42.711636,12.469618,Plymouth,2011
-2.6750135,-31.141998,Poole,2011
11.50538,-16.856203,South Gloucestershire,2011
-2.4174657,-15.5802555,Swindon,2011
-28.767647,33.739716,Torbay,2011
-3.181882,-31.079386,Wiltshire,2011
-53.616028,10.742291,East Devon,2011
9.990521,-20.662258,Exeter,2011
-54.801674,-15.560109,Mid Devon,2011
-6.654827,-40.16846,North Devon,2011
-3.5699124,-42.28556,South Hams,2011
-52.638386,9.521682,Teignbridge,2011
-36.567234,28.617737,Torridge,2011
-47.894264,13.737626,West Devon,2011
-53.68643,9.238635,Christchurch,2011
-52.699017,12.063475,East Dorset,2011
-30.965342,-41.717583,North Dorset,2011
-50.37465,-26.474476,Purbeck,2011
-2.8851871,-41.727993,West Dorset,2011
-19.205074,54.48314,Weymouth and Portland,2011
-6.3406787,-32.44339,Cheltenham,2011
4.2436104,-27.659336,Cotswold,2011
-35.879463,28.735767,Forest of Dean,2011
-4.386699,-19.357792,Gloucester,2011
-23.062006,-40.247417,Stroud,2011
15.195424,-10.647369,Tewkesbury,2011
-31.328482,-40.06857,Mendip,2011
-48.138332,5.822334,Sedgemoor,2011
-5.6999145,-39.849243,South Somerset,2011
8.674976,-21.198343,Taunton Deane,2011
-51.743717,12.076321,West Somerset,2011
-17.661919,53.59365,Isle of Anglesey,2011
-48.94998,12.809861,Gwynedd,2011
-28.806837,35.974262,Conwy,2011
-42.174377,14.164762,Denbighshire,2011
-41.671154,-27.400545,Flintshire,2011
-52.101833,-7.1748734,Wrexham,2011
-48.88405,-26.61977,Powys,2011
-22.40737,51.735294,Ceredigion,2011
-43.479675,12.044429,Pembrokeshire,2011
-31.014246,40.612762,Carmarthenshire,2011
-32.203487,40.698673,Swansea,2011
-18.624397,54.12176,Neath Port Talbot,2011
-34.40521,27.079866,Bridgend,2011
-24.697706,34.79165,Vale of Glamorgan,2011
-44.93626,-21.746588,Cardiff,2011
-18.130964,59.073204,Rhondda Cynon Taff,2011
-18.779455,40.96031,Merthyr Tydfil,2011
-17.293074,59.41191,Caerphilly,2011
-13.842643,62.69209,Blaenau Gwent,2011
-33.654144,21.025782,Torfaen,2011
-50.253567,7.9977236,Monmouthshire,2011
-40.55339,-13.901989,Newport,2011
-23.930319,-38.004337,"Herefordshire, County of",2011
-30.262306,-38.20514,Shropshire,2011
-32.614502,21.367542,Stoke-on-Trent,2011
-35.953323,-27.629871,Telford and Wrekin,2011
-35.082592,7.2921495,Cannock Chase,2011
-17.174585,-34.19125,East Staffordshire,2011
-54.337814,-9.484936,Lichfield,2011
-28.62367,43.0036,Newcastle-under-Lyme,2011
-23.251974,45.49729,South Staffordshire,2011
-29.43427,-40.6011,Stafford,2011
-31.62848,42.498802,Staffordshire Moorlands,2011
-36.656498,3.188225,Tamworth,2011
14.750725,-8.112209,North Warwickshire,2011
-24.069496,28.901852,Nuneaton and Bedworth,2011
-16.09049,-33.00015,Rugby,2011
4.8753552,-27.190174,Stratford-on-Avon,2011
2.198178,-27.222637,Warwick,2011
-20.38915,28.342054,Birmingham,2011
-31.944529,22.674109,Coventry,2011
-25.615553,25.085691,Dudley,2011
-19.164122,26.624468,Sandwell,2011
-34.362534,-32.115734,Solihull,2011
-12.928041,45.39458,Walsall,2011
-19.132025,26.318836,Wolverhampton,2011
-52.977844,-16.185879,Bromsgrove,2011
-51.080296,8.97697,Malvern Hills,2011
-31.317371,-29.698788,Redditch,2011
-10.270631,-29.160145,Worcester,2011
-29.978655,-38.864662,Wychavon,2011
-31.526554,29.905758,Wyre Forest,2011
-42.367355,16.56954,East Riding of Yorkshire,2011
-19.826962,23.338783,"Kingston upon Hull, City of",2011
-32.93246,5.303492,North East Lincolnshire,2011
-41.14444,-13.091317,North Lincolnshire,2011
-50.91313,-24.971184,York,2011
-4.197622,-40.348286,Craven,2011
9.6097355,-20.346909,Hambleton,2011
11.266115,-18.418306,Harrogate,2011
14.675199,-9.281764,Richmondshire,2011
-4.130098,-35.12228,Ryedale,2011
-35.127747,27.816437,Scarborough,2011
-35.249786,-33.09674,Selby,2011
-15.800023,49.568237,Barnsley,2011
-27.320038,22.598124,Doncaster,2011
-30.682894,21.543941,Rotherham,2011
-34.502857,26.478453,Sheffield,2011
-24.569403,26.52391,Bradford,2011
-39.91143,-15.719463,Calderdale,2011
-28.428791,31.112991,Kirklees,2011
-36.728436,-28.234856,Leeds,2011
-41.019768,-9.7804985,Wakefield,2011
22.570667,54.76336,Peterborough,2021
-4.11225,5.666933,Luton,2021
9.092407,42.937912,Southend-on-Sea,2021
30.519989,51.233807,Thurrock,2021
30.713896,17.470003,Bedford,2021
26.66205,-42.80639,Central Bedfordshire,2021
37.20857,-28.015799,Cambridge,2021
1.3297349,-70.48607,East Cambridgeshire,2021
46.98696,4.7137294,Fenland,2021
19.692348,-54.925697,Huntingdonshire,2021
0.50263876,-71.58926,South Cambridgeshire,2021
38.36716,38.76234,Basildon,2021
69.48975,0.8151618,Braintree,2021
48.9912,-24.340342,Brentwood,2021
67.919785,1.8064692,Castle Point,2021
45.97686,-24.600555,Chelmsford,2021
50.10685,5.3940115,Colchester,2021
31.95324,19.624796,Epping Forest,2021
17.494932,53.758263,Harlow,2021
50.367363,-23.140959,Maldon,2021
77.759636,-8.453551,Rochford,2021
7.8273115,40.292835,Tendring,2021
20.855762,-52.012516,Uttlesford,2021
36.3765,30.087488,Broxbourne,2021
63.35079,4.670337,Dacorum,2021
31.377047,16.482828,Hertsmere,2021
39.601017,-26.217659,North Hertfordshire,2021
65.02886,4.085452,Three Rivers,2021
32.82704,49.838337,Watford,2021
50.367363,-23.140959,Breckland,2021
6.2127385,-67.78067,Broadland,2021
2.3798392,12.958705,Great Yarmouth,2021
67.919785,1.8064692,King's Lynn and West Norfolk,2021
48.71558,5.351225,North Norfolk,2021
8.766471,41.688942,Norwich,2021
2.28716,-71.03541,South Norfolk,2021
48.765354,-23.51948,Babergh,2021
31.557644,51.266373,Ipswich,2021
3.1432264,-70.18774,Mid Suffolk,2021
33.50187,-30.99739,St Albans,2021
53.06825,6.026075,Welwyn Hatfield,2021
29.60332,-36.161976,East Hertfordshire,2021
34.471478,4.9881587,Stevenage,2021
37.93541,3.7767015,East Suffolk,2021
30.549736,-35.122337,West Suffolk,2021
8.171298,42.50362,Derby,2021
5.3439784,18.35287,Leicester,2021
7.724802,-67.32566,Rutland,2021
0.00020423546,8.778285,Nottingham,2021
39.601017,-26.217659,North Northamptonshire,2021
78.19897,-9.945065,West Northamptonshire,2021
33.59196,-31.972538,Amber Valley,2021
31.533543,-34.209232,Bolsover,2021
49.231945,6.242358,Chesterfield,2021
11.350537,-64.42132,Derbyshire Dales,2021
65.02886,4.085452,Erewash,2021
50.367363,-23.140959,High Peak,2021
29.60332,-36.161976,North East Derbyshire,2021
13.130108,-62.083794,South Derbyshire,2021
18.634777,-55.192753,Blaby,2021
34.443253,-30.022207,Charnwood,2021
0.74581426,-73.69965,Harborough,2021
14.13621,-60.91349,Hinckley and Bosworth,2021
11.673919,-63.46047,Melton,2021
21.920021,-50.377033,North West Leicestershire,2021
36.1967,4.034277,Oadby and Wigston,2021
51.900322,5.876605,Boston,2021
7.7892866,41.15933,East Lindsey,2021
30.519989,51.233807,Lincoln,2021
8.757386,-65.973854,North Kesteven,2021
76.11478,-5.454913,South Holland,2021
78.66511,-11.717372,South Kesteven,2021
54.04535,6.5201454,West Lindsey,2021
32.580406,22.10465,Ashfield,2021
47.300625,-24.294006,Bassetlaw,2021
73.13246,-2.9441376,Broxtowe,2021
78.19897,-9.945065,Gedling,2021
46.20308,5.207365,Mansfield,2021
45.97686,-24.600555,Newark and Sherwood,2021
7.214247,-66.610275,Rushcliffe,2021
26.02842,53.22223,City of London,2021
-7.9106874,3.13521,Barking and Dagenham,2021
8.177592,31.361288,Barnet,2021
17.416935,54.730766,Bexley,2021
-6.073329,3.6783645,Brent,2021
37.4531,37.92439,Bromley,2021
3.5720217,16.11705,Camden,2021
6.52867,20.920084,Croydon,2021
-1.6220334,6.991539,Ealing,2021
-1.0089006,9.151327,Enfield,2021
-0.63097286,9.849298,Greenwich,2021
-1.7671129,8.234843,Hackney,2021
6.02842,21.546885,Hammersmith and Fulham,2021
-6.073329,3.6783645,Haringey,2021
8.30287,37.740715,Harrow,2021
16.05227,53.778263,Havering,2021
7.0830812,22.518566,Hillingdon,2021
-0.557367,8.026396,Hounslow,2021
0.80724585,10.813316,Islington,2021
4.34458,15.179564,Kensington and Chelsea,2021
38.382114,37.650463,Kingston upon Thames,2021
7.0962873,21.796682,Lambeth,2021
-4.867675,5.1744304,Lewisham,2021
16.05227,53.778263,Merton,2021
-9.145679,2.0728002,Newham,2021
6.908905,23.613218,Redbridge,2021
34.008343,24.967113,Richmond upon Thames,2021
3.1028647,13.994358,Southwark,2021
32.548542,21.145758,Sutton,2021
-5.258534,4.271949,Tower Hamlets,2021
2.3798392,12.958705,Waltham Forest,2021
37.724167,35.60742,Wandsworth,2021
5.3277326,17.246212,Westminster,2021
5.151995,16.193947,Hartlepool,2021
-6.9378057,4.2307353,Middlesbrough,2021
7.2943273,30.754517,Redcar and Cleveland,2021
7.3319907,37.595142,Stockton-on-Tees,2021
12.67113,52.936626,Darlington,2021
36.92216,44.384975,County Durham,2021
37.12127,42.981316,Northumberland,2021
7.2943273,30.754517,Newcastle upon Tyne,2021
38.52608,39.845615,North Tyneside,2021
-1.7671129,8.234843,South Tyneside,2021
7.4517617,32.216007,Sunderland,2021
8.663228,40.55327,Gateshead,2021
37.28294,33.51983,Halton,2021
71.44646,-0.99242604,Warrington,2021
7.525532,35.45392,Blackburn with Darwen,2021
-2.7898066,6.894289,Blackpool,2021
32.72008,-32.308826,Cheshire East,2021
69.08665,1.7134434,Cheshire West and Chester,2021
40.869316,-26.020256,Cumberland,2021
10.028719,-64.84412,Westmorland and Furness,2021
7.3319907,37.595142,Burnley,2021
21.920021,-50.377033,Chorley,2021
70.71896,-0.2255999,Fylde,2021
16.05227,53.778263,Hyndburn,2021
75.1125,-6.1518855,Lancaster,2021
23.21894,54.15705,Pendle,2021
33.56986,22.433578,Preston,2021
1.4697016,-74.59265,Ribble Valley,2021
54.04535,6.5201454,Rossendale,2021
8.757386,-65.973854,South Ribble,2021
73.837524,-3.8190572,West Lancashire,2021
37.629917,2.7420182,Wyre,2021
6.881613,33.057186,Bolton,2021
36.61463,31.67515,Bury,2021
-6.1654353,4.8254757,Manchester,2021
6.1974216,22.465675,Oldham,2021
7.6779723,36.403713,Rochdale,2021
6.6873536,31.79808,Salford,2021
50.6713,6.446216,Stockport,2021
25.39448,55.00048,Tameside,2021
47.48343,5.4998484,Trafford,2021
30.713896,17.470003,Wigan,2021
9.866005,45.90581,Knowsley,2021
3.8095353,17.231003,Liverpool,2021
37.53145,40.40878,St. Helens,2021
37.94168,41.28346,Sefton,2021
32.914326,23.473305,Wirral,2021
34.394302,48.106064,Medway,2021
72.47673,-2.1663353,Bracknell Forest,2021
24.352543,-45.733242,West Berkshire,2021
26.352331,54.209988,Reading,2021
3.4554615,15.156899,Slough,2021
34.802788,3.862469,Windsor and Maidenhead,2021
29.842817,-37.279728,Wokingham,2021
36.96768,41.9186,Milton Keynes,2021
12.471567,51.73137,Brighton and Hove,2021
21.75063,54.500957,Portsmouth,2021
24.00058,54.72232,Southampton,2021
12.471567,51.73137,Isle of Wight,2021
76.46115,-7.183909,Buckinghamshire,2021
9.406585,44.32322,Eastbourne,2021
8.202724,32.60653,Hastings,2021
36.1967,4.034277,Lewes,2021
31.233896,14.852353,Rother,2021
25.93701,-43.636993,Wealden,2021
38.271923,-26.340408,Basingstoke and Deane,2021
19.13453,-53.897526,East Hampshire,2021
14.596874,-59.87418,Eastleigh,2021
8.757386,-65.973854,Fareham,2021
31.843533,17.97019,Gosport,2021
20.136307,-53.493397,Hart,2021
30.557316,14.285745,Havant,2021
25.037165,-43.08448,New Forest,2021
62.35545,4.878194,Rushmoor,2021
3.1432264,-70.18774,Test Valley,2021
15.447312,-59.83368,Winchester,2021
61.499916,5.811144,Ashford,2021
37.341827,32.596943,Canterbury,2021
34.802788,3.862469,Dartford,2021
25.128874,54.221405,Dover,2021
8.712297,43.91755,Gravesham,2021
77.759636,-8.453551,Maidstone,2021
39.062492,-27.451294,Sevenoaks,2021
13.76162,52.168617,Folkestone and Hythe,2021
36.245575,44.06239,Swale,2021
7.6812186,33.4421,Thanet,2021
25.707932,-42.31556,Tonbridge and Malling,2021
50.367363,-23.140959,Tunbridge Wells,2021
23.66879,-47.525337,Cherwell,2021
45.435886,4.4315877,Oxford,2021
9.988353,-66.03985,South Oxfordshire,2021
3.3070078,-69.07912,Vale of White Horse,2021
0.47907224,-73.24159,West Oxfordshire,2021
68.45733,2.6487513,Elmbridge,2021
50.5896,-24.37925,Epsom and Ewell,2021
35.33631,-29.941746,Guildford,2021
30.824404,-36.15006,Mole Valley,2021
75.1125,-6.1518855,Reigate and Banstead,2021
33.362267,5.9844003,Runnymede,2021
34.394302,48.106064,Spelthorne,2021
71.44646,-0.99242604,Surrey Heath,2021
78.19897,-9.945065,Tandridge,2021
19.13453,-53.897526,Waverley,2021
60.003246,6.0454717,Woking,2021
52.43923,6.7837033,Adur,2021
50.10685,5.3940115,Arun,2021
50.5896,-24.37925,Chichester,2021
4.4473414,16.597038,Crawley,2021
29.842817,-37.279728,Horsham,2021
20.797709,-50.805,Mid Sussex,2021
36.38808,2.6126485,Worthing,2021
34.510704,-30.996798,Bath and North East Somerset,2021
50.6713,6.446216,"Bristol, City of",2021
18.634777,-55.192753,North Somerset,2021
3.1432264,-70.18774,South Gloucestershire,2021
32.599697,6.937177,Plymouth,2021
31.846434,50.05415,Torbay,2021
44.34079,4.4154453,Swindon,2021
62.795456,5.6766896,Cornwall,2021
3.0050323,-75.89001,Isles of Scilly,2021
20.797709,-50.805,Wiltshire,2021
31.95324,19.624796,"Bournemouth, Christchurch and Poole",2021
31.533543,-34.209232,Dorset,2021
20.855762,-52.012516,East Devon,2021
45.97686,-24.600555,Exeter,2021
2.0313163,-69.70752,Mid Devon,2021
52.687683,-23.567019,North Devon,2021
10.028719,-64.84412,South Hams,2021
24.721357,-44.699978,Teignbridge,2021
66.68176,3.1259184,Torridge,2021
22.931334,-47.244667,West Devon,2021
39.601017,-26.217659,Cheltenham,2021
11.673919,-63.46047,Cotswold,2021
75.1125,-6.1518855,Forest of Dean,2021
64.29006,5.059382,Gloucester,2021
6.2127385,-67.78067,Stroud,2021
14.13621,-60.91349,Tewkesbury,2021
28.899193,-38.10424,Somerset,2021
33.444927,48.36734,Isle of Anglesey,2021
37.417202,30.685005,Gwynedd,2021
26.352331,54.209988,Conwy,2021
32.914326,23.473305,Denbighshire,2021
65.02886,4.085452,Flintshire,2021
44.82292,4.9555864,Wrexham,2021
76.93567,-9.014823,Ceredigion,2021
34.033264,23.781687,Pembrokeshire,2021
60.64404,5.382814,Carmarthenshire,2021
37.845493,42.26628,Swansea,2021
30.419008,15.513708,Neath Port Talbot,2021
34.033264,23.781687,Bridgend,2021
36.1967,4.034277,Vale of Glamorgan,2021
18.340654,54.410534,Cardiff,2021
35.92869,45.44528,Rhondda Cynon Taf,2021
36.3765,30.087488,Caerphilly,2021
9.615998,45.56751,Blaenau Gwent,2021
37.353428,39.41986,Torfaen,2021
32.069843,-33.37688,Monmouthshire,2021
24.97339,53.464195,Newport,2021
25.93701,-43.636993,Powys,2021
31.846434,50.05415,Merthyr Tydfil,2021
35.804527,-29.17091,"Herefordshire, County of",2021
37.341827,32.596943,Telford and Wrekin,2021
16.525219,54.833622,Stoke-on-Trent,2021
52.687683,-23.567019,Shropshire,2021
37.629917,2.7420182,Cannock Chase,2021
60.868797,6.420365,East Staffordshire,2021
39.601017,-26.217659,Lichfield,2021
78.19897,-9.945065,Newcastle-under-Lyme,2021
75.1125,-6.1518855,South Staffordshire,2021
26.563667,-41.820717,Stafford,2021
1.3704166,-71.572174,Staffordshire Moorlands,2021
32.599697,6.937177,Tamworth,2021
66.68176,3.1259184,North Warwickshire,2021
36.3765,30.087488,Nuneaton and Bedworth,2021
24.352543,-45.733242,Rugby,2021
5.3633304,-68.29881,Stratford-on-Avon,2021
52.52471,-22.601112,Warwick,2021
37.96324,-27.370255,Bromsgrove,2021
76.11478,-5.454913,Malvern Hills,2021
36.1967,4.034277,Redditch,2021
31.377047,16.482828,Worcester,2021
22.128721,-49.200497,Wychavon,2021
31.192978,18.859764,Wyre Forest,2021
-10.40609,1.6721244,Birmingham,2021
7.0722685,24.285616,Coventry,2021
7.7884827,38.787457,Dudley,2021
-9.028916,2.7692003,Sandwell,2021
38.36716,38.76234,Solihull,2021
0.3348724,9.6800375,Walsall,2021
-9.800218,2.3667889,Wolverhampton,2021
-2.7898066,6.894289,"Kingston upon Hull, City of",2021
44.80006,-24.894281,East Riding of Yorkshire,2021
29.096392,52.317387,North East Lincolnshire,2021
36.3765,30.087488,North Lincolnshire,2021
23.563896,-46.405193,York,2021
15.107226,-60.842026,North Yorkshire,2021
30.893358,13.140416,Barnsley,2021
12.471567,51.73137,Doncaster,2021
35.4161,46.626083,Rotherham,2021
13.76162,52.168617,Sheffield,2021
4.510168,17.875086,Bradford,2021
34.614925,46.95217,Calderdale,2021
29.096392,52.317387,Kirklees,2021
13.923676,53.203926,Leeds,2021
32.433807,5.985564,Wakefield,2021
